date,key,value
1988,trance,0
1988,pop,32
1988,rock,20
1988,dance,6
1988,j pop,0
1988,hip hop,2
1988,r&b,3
1988,rap,2
1988,na,0
1988,latin,0
1988,singer-songwriter,0
1988,dubstep,0
1988,soul,4
1988,emo,0
1988,electronic,1
1988,dancehall,0
1988,children music,0
1988,country,1
1988,80s,6
1988,90s,2
1988,eurodance,0
1988,easy listening,0
1988,techno,0
1988,reggae,0
1988,soundtrack,0
1988,folk,0
1988,alternative rock,0
1988,comedy,0
1988,shibuya-kei,1
1988,blues,2
1988,symphony,0
1988,house,0
1988,punk,0
1988,indie rock,0
1988,europop,0
1988,grunge,0
1988,power pop,0
1988,jazz,2
1988,british pop,0
1988,adult contemporary,3
1988,electronica,0
1988,new age,1
1988,00s,0
1988,breakbeat,0
1988,piano rock,0
1988,drum and bass,0
1988,soca,0
1988,dub,0
1988,post-punk,1
1988,eurobeat,0
1988,hard rock,0
1988,hardcore,0
1988,funk,1
1988,grime,0
1988,electro house,0
1988,uk garage,0
1988,ska,0
1988,synthpop,0
1988,electro,0
1988,70s,0
1988,new wave,2
1988,ambient,1
1988,folk rock,0
1988,ballad,0
1988,alternative dance,0
1988,club,0
1988,teen pop,2
1988,progressive trance,0
1988,dance pop,0
1988,jazz fusion,0
1988,alternative,0
1988,rap rock,0
1988,crunk,0
1988,disco,0
1988,pop rock,0
1988,male vocalist,0
1988,hip house,0
1988,heavy metal,1
1988,new jack swing,0
1988,50s,1
1988,electropop,0
1988,bluegrass,0
1988,motown,0
1988,metal,0
1988,country music,1
1988,rockabilly,1
1988,nu metal,0
1988,celtic,1
1988,ambient house,0
1988,alternative metal,0
1988,world music,0
1988,melodic rock,0
1988,latin freestyle,0
1988,reggaeton,0
1988,trip hop,0
1988,classical,0
1988,hardcore punk,0
1988,soft rock,0
1988,pop punk,0
1988,boy band,0
1988,pub rock,0
1988,folktronica,0
1988,gospel,0
1988,southern rock,0
1988,rock 'n roll,0
1988,swing,0
1988,opera,0
1988,disco house,0
1988,rap metal,0
1988,italian dance,0
1988,downtempo,0
1988,roots rock,0
1988,funk rock,0
1989,trance,0
1989,pop,32
1989,rock,20
1989,dance,6
1989,j pop,0
1989,hip hop,2
1989,r&b,3
1989,rap,2
1989,na,0
1989,latin,0
1989,singer-songwriter,0
1989,dubstep,0
1989,soul,4
1989,emo,0
1989,electronic,1
1989,dancehall,0
1989,children music,0
1989,country,1
1989,80s,6
1989,90s,2
1989,eurodance,0
1989,easy listening,0
1989,techno,0
1989,reggae,0
1989,soundtrack,0
1989,folk,0
1989,alternative rock,0
1989,comedy,0
1989,shibuya-kei,1
1989,blues,2
1989,symphony,0
1989,house,0
1989,punk,0
1989,indie rock,0
1989,europop,0
1989,grunge,0
1989,power pop,0
1989,jazz,2
1989,british pop,0
1989,adult contemporary,3
1989,electronica,0
1989,new age,1
1989,00s,0
1989,breakbeat,0
1989,piano rock,0
1989,drum and bass,0
1989,soca,0
1989,dub,0
1989,post-punk,1
1989,eurobeat,0
1989,hard rock,0
1989,hardcore,0
1989,funk,1
1989,grime,0
1989,electro house,0
1989,uk garage,0
1989,ska,0
1989,synthpop,0
1989,electro,0
1989,70s,0
1989,new wave,2
1989,ambient,1
1989,folk rock,0
1989,ballad,0
1989,alternative dance,0
1989,club,0
1989,teen pop,2
1989,progressive trance,0
1989,dance pop,0
1989,jazz fusion,0
1989,alternative,0
1989,rap rock,0
1989,crunk,0
1989,disco,0
1989,pop rock,0
1989,male vocalist,0
1989,hip house,0
1989,heavy metal,1
1989,new jack swing,0
1989,50s,1
1989,electropop,0
1989,bluegrass,0
1989,motown,0
1989,metal,0
1989,country music,1
1989,rockabilly,1
1989,nu metal,0
1989,celtic,1
1989,ambient house,0
1989,alternative metal,0
1989,world music,0
1989,melodic rock,0
1989,latin freestyle,0
1989,reggaeton,0
1989,trip hop,0
1989,classical,0
1989,hardcore punk,0
1989,soft rock,0
1989,pop punk,0
1989,boy band,0
1989,pub rock,0
1989,folktronica,0
1989,gospel,0
1989,southern rock,0
1989,rock 'n roll,0
1989,swing,0
1989,opera,0
1989,disco house,0
1989,rap metal,0
1989,italian dance,0
1989,downtempo,0
1989,roots rock,0
1989,funk rock,0
1990,trance,0
1990,pop,27
1990,rock,25
1990,dance,11
1990,j pop,0
1990,hip hop,4
1990,r&b,0
1990,rap,3
1990,na,0
1990,latin,0
1990,singer-songwriter,0
1990,dubstep,0
1990,soul,3
1990,emo,0
1990,electronic,0
1990,dancehall,0
1990,children music,0
1990,country,0
1990,80s,2
1990,90s,1
1990,eurodance,0
1990,easy listening,0
1990,techno,1
1990,reggae,1
1990,soundtrack,0
1990,folk,0
1990,alternative rock,1
1990,comedy,1
1990,shibuya-kei,0
1990,blues,0
1990,symphony,0
1990,house,6
1990,punk,1
1990,indie rock,0
1990,europop,0
1990,grunge,0
1990,power pop,0
1990,jazz,0
1990,british pop,0
1990,adult contemporary,1
1990,electronica,0
1990,new age,0
1990,00s,0
1990,breakbeat,0
1990,piano rock,0
1990,drum and bass,0
1990,soca,0
1990,dub,0
1990,post-punk,0
1990,eurobeat,0
1990,hard rock,5
1990,hardcore,0
1990,funk,0
1990,grime,0
1990,electro house,0
1990,uk garage,0
1990,ska,0
1990,synthpop,0
1990,electro,0
1990,70s,1
1990,new wave,4
1990,ambient,0
1990,folk rock,0
1990,ballad,0
1990,alternative dance,0
1990,club,0
1990,teen pop,1
1990,progressive trance,0
1990,dance pop,0
1990,jazz fusion,0
1990,alternative,0
1990,rap rock,0
1990,crunk,0
1990,disco,0
1990,pop rock,0
1990,male vocalist,0
1990,hip house,0
1990,heavy metal,0
1990,new jack swing,0
1990,50s,0
1990,electropop,0
1990,bluegrass,0
1990,motown,0
1990,metal,0
1990,country music,0
1990,rockabilly,0
1990,nu metal,0
1990,celtic,0
1990,ambient house,0
1990,alternative metal,1
1990,world music,0
1990,melodic rock,0
1990,latin freestyle,0
1990,reggaeton,0
1990,trip hop,0
1990,classical,0
1990,hardcore punk,0
1990,soft rock,0
1990,pop punk,0
1990,boy band,0
1990,pub rock,0
1990,folktronica,0
1990,gospel,0
1990,southern rock,0
1990,rock 'n roll,0
1990,swing,0
1990,opera,0
1990,disco house,0
1990,rap metal,0
1990,italian dance,0
1990,downtempo,0
1990,roots rock,0
1990,funk rock,0
1991,trance,0
1991,pop,23
1991,rock,16
1991,dance,8
1991,j pop,0
1991,hip hop,5
1991,r&b,5
1991,rap,2
1991,na,0
1991,latin,0
1991,singer-songwriter,1
1991,dubstep,0
1991,soul,5
1991,emo,0
1991,electronic,0
1991,dancehall,0
1991,children music,0
1991,country,0
1991,80s,2
1991,90s,1
1991,eurodance,0
1991,easy listening,0
1991,techno,0
1991,reggae,1
1991,soundtrack,2
1991,folk,0
1991,alternative rock,0
1991,comedy,1
1991,shibuya-kei,0
1991,blues,0
1991,symphony,0
1991,house,4
1991,punk,0
1991,indie rock,2
1991,europop,0
1991,grunge,0
1991,power pop,0
1991,jazz,0
1991,british pop,0
1991,adult contemporary,0
1991,electronica,0
1991,new age,1
1991,00s,0
1991,breakbeat,0
1991,piano rock,0
1991,drum and bass,0
1991,soca,0
1991,dub,0
1991,post-punk,1
1991,eurobeat,0
1991,hard rock,6
1991,hardcore,0
1991,funk,0
1991,grime,0
1991,electro house,0
1991,uk garage,0
1991,ska,0
1991,synthpop,0
1991,electro,0
1991,70s,0
1991,new wave,0
1991,ambient,0
1991,folk rock,0
1991,ballad,0
1991,alternative dance,1
1991,club,0
1991,teen pop,0
1991,progressive trance,0
1991,dance pop,0
1991,jazz fusion,0
1991,alternative,2
1991,rap rock,0
1991,crunk,0
1991,disco,0
1991,pop rock,0
1991,male vocalist,0
1991,hip house,0
1991,heavy metal,1
1991,new jack swing,0
1991,50s,0
1991,electropop,0
1991,bluegrass,0
1991,motown,0
1991,metal,0
1991,country music,0
1991,rockabilly,0
1991,nu metal,0
1991,celtic,0
1991,ambient house,2
1991,alternative metal,0
1991,world music,1
1991,melodic rock,1
1991,latin freestyle,1
1991,reggaeton,0
1991,trip hop,0
1991,classical,0
1991,hardcore punk,0
1991,soft rock,0
1991,pop punk,0
1991,boy band,0
1991,pub rock,0
1991,folktronica,0
1991,gospel,1
1991,southern rock,0
1991,rock 'n roll,0
1991,swing,0
1991,opera,0
1991,disco house,0
1991,rap metal,0
1991,italian dance,0
1991,downtempo,0
1991,roots rock,0
1991,funk rock,0
1992,trance,0
1992,pop,19
1992,rock,16
1992,dance,5
1992,j pop,0
1992,hip hop,3
1992,r&b,6
1992,rap,3
1992,na,0
1992,latin,0
1992,singer-songwriter,0
1992,dubstep,0
1992,soul,3
1992,emo,0
1992,electronic,2
1992,dancehall,0
1992,children music,0
1992,country,3
1992,80s,2
1992,90s,4
1992,eurodance,1
1992,easy listening,0
1992,techno,0
1992,reggae,0
1992,soundtrack,0
1992,folk,0
1992,alternative rock,2
1992,comedy,1
1992,shibuya-kei,0
1992,blues,0
1992,symphony,0
1992,house,3
1992,punk,0
1992,indie rock,0
1992,europop,0
1992,grunge,2
1992,power pop,0
1992,jazz,0
1992,british pop,1
1992,adult contemporary,2
1992,electronica,1
1992,new age,0
1992,00s,1
1992,breakbeat,0
1992,piano rock,0
1992,drum and bass,0
1992,soca,0
1992,dub,0
1992,post-punk,0
1992,eurobeat,0
1992,hard rock,4
1992,hardcore,0
1992,funk,0
1992,grime,0
1992,electro house,0
1992,uk garage,0
1992,ska,0
1992,synthpop,0
1992,electro,0
1992,70s,1
1992,new wave,0
1992,ambient,0
1992,folk rock,0
1992,ballad,0
1992,alternative dance,0
1992,club,0
1992,teen pop,0
1992,progressive trance,0
1992,dance pop,2
1992,jazz fusion,0
1992,alternative,0
1992,rap rock,0
1992,crunk,0
1992,disco,1
1992,pop rock,0
1992,male vocalist,1
1992,hip house,0
1992,heavy metal,1
1992,new jack swing,1
1992,50s,0
1992,electropop,0
1992,bluegrass,0
1992,motown,0
1992,metal,0
1992,country music,0
1992,rockabilly,0
1992,nu metal,0
1992,celtic,0
1992,ambient house,1
1992,alternative metal,0
1992,world music,0
1992,melodic rock,0
1992,latin freestyle,0
1992,reggaeton,0
1992,trip hop,0
1992,classical,0
1992,hardcore punk,0
1992,soft rock,0
1992,pop punk,0
1992,boy band,0
1992,pub rock,0
1992,folktronica,0
1992,gospel,0
1992,southern rock,0
1992,rock 'n roll,0
1992,swing,0
1992,opera,0
1992,disco house,0
1992,rap metal,0
1992,italian dance,0
1992,downtempo,0
1992,roots rock,0
1992,funk rock,1
1993,trance,0
1993,pop,19
1993,rock,21
1993,dance,7
1993,j pop,0
1993,hip hop,1
1993,r&b,6
1993,rap,4
1993,na,0
1993,latin,0
1993,singer-songwriter,0
1993,dubstep,0
1993,soul,7
1993,emo,0
1993,electronic,0
1993,dancehall,4
1993,children music,0
1993,country,0
1993,80s,0
1993,90s,5
1993,eurodance,3
1993,easy listening,0
1993,techno,0
1993,reggae,5
1993,soundtrack,1
1993,folk,0
1993,alternative rock,3
1993,comedy,0
1993,shibuya-kei,0
1993,blues,1
1993,symphony,0
1993,house,0
1993,punk,0
1993,indie rock,1
1993,europop,0
1993,grunge,0
1993,power pop,0
1993,jazz,0
1993,british pop,0
1993,adult contemporary,1
1993,electronica,0
1993,new age,0
1993,00s,0
1993,breakbeat,0
1993,piano rock,0
1993,drum and bass,0
1993,soca,0
1993,dub,0
1993,post-punk,0
1993,eurobeat,0
1993,hard rock,4
1993,hardcore,0
1993,funk,0
1993,grime,0
1993,electro house,0
1993,uk garage,0
1993,ska,0
1993,synthpop,0
1993,electro,0
1993,70s,0
1993,new wave,1
1993,ambient,0
1993,folk rock,0
1993,ballad,0
1993,alternative dance,0
1993,club,1
1993,teen pop,0
1993,progressive trance,0
1993,dance pop,0
1993,jazz fusion,0
1993,alternative,0
1993,rap rock,0
1993,crunk,0
1993,disco,0
1993,pop rock,0
1993,male vocalist,0
1993,hip house,0
1993,heavy metal,1
1993,new jack swing,1
1993,50s,0
1993,electropop,0
1993,bluegrass,0
1993,motown,0
1993,metal,0
1993,country music,0
1993,rockabilly,0
1993,nu metal,0
1993,celtic,0
1993,ambient house,0
1993,alternative metal,1
1993,world music,0
1993,melodic rock,0
1993,latin freestyle,0
1993,reggaeton,0
1993,trip hop,0
1993,classical,0
1993,hardcore punk,0
1993,soft rock,0
1993,pop punk,0
1993,boy band,0
1993,pub rock,0
1993,folktronica,0
1993,gospel,0
1993,southern rock,0
1993,rock 'n roll,0
1993,swing,0
1993,opera,0
1993,disco house,0
1993,rap metal,1
1993,italian dance,0
1993,downtempo,0
1993,roots rock,0
1993,funk rock,1
1994,trance,1
1994,pop,20
1994,rock,12
1994,dance,11
1994,j pop,0
1994,hip hop,2
1994,r&b,8
1994,rap,4
1994,na,0
1994,latin,0
1994,singer-songwriter,2
1994,dubstep,0
1994,soul,5
1994,emo,0
1994,electronic,1
1994,dancehall,0
1994,children music,0
1994,country,0
1994,80s,2
1994,90s,7
1994,eurodance,5
1994,easy listening,0
1994,techno,1
1994,reggae,1
1994,soundtrack,0
1994,folk,1
1994,alternative rock,2
1994,comedy,2
1994,shibuya-kei,0
1994,blues,0
1994,symphony,0
1994,house,3
1994,punk,1
1994,indie rock,0
1994,europop,0
1994,grunge,1
1994,power pop,0
1994,jazz,0
1994,british pop,0
1994,adult contemporary,2
1994,electronica,0
1994,new age,0
1994,00s,0
1994,breakbeat,0
1994,piano rock,0
1994,drum and bass,0
1994,soca,0
1994,dub,0
1994,post-punk,0
1994,eurobeat,1
1994,hard rock,1
1994,hardcore,0
1994,funk,0
1994,grime,0
1994,electro house,0
1994,uk garage,0
1994,ska,0
1994,synthpop,0
1994,electro,0
1994,70s,0
1994,new wave,1
1994,ambient,0
1994,folk rock,0
1994,ballad,0
1994,alternative dance,0
1994,club,0
1994,teen pop,0
1994,progressive trance,0
1994,dance pop,0
1994,jazz fusion,0
1994,alternative,0
1994,rap rock,0
1994,crunk,0
1994,disco,0
1994,pop rock,0
1994,male vocalist,0
1994,hip house,1
1994,heavy metal,1
1994,new jack swing,1
1994,50s,0
1994,electropop,0
1994,bluegrass,0
1994,motown,0
1994,metal,0
1994,country music,0
1994,rockabilly,0
1994,nu metal,0
1994,celtic,0
1994,ambient house,0
1994,alternative metal,0
1994,world music,0
1994,melodic rock,0
1994,latin freestyle,0
1994,reggaeton,0
1994,trip hop,0
1994,classical,0
1994,hardcore punk,0
1994,soft rock,0
1994,pop punk,0
1994,boy band,0
1994,pub rock,0
1994,folktronica,0
1994,gospel,0
1994,southern rock,0
1994,rock 'n roll,0
1994,swing,0
1994,opera,0
1994,disco house,0
1994,rap metal,0
1994,italian dance,0
1994,downtempo,0
1994,roots rock,0
1994,funk rock,0
1995,trance,0
1995,pop,23
1995,rock,12
1995,dance,8
1995,j pop,0
1995,hip hop,2
1995,r&b,10
1995,rap,2
1995,na,0
1995,latin,0
1995,singer-songwriter,2
1995,dubstep,0
1995,soul,4
1995,emo,0
1995,electronic,1
1995,dancehall,1
1995,children music,0
1995,country,0
1995,80s,0
1995,90s,8
1995,eurodance,5
1995,easy listening,0
1995,techno,2
1995,reggae,2
1995,soundtrack,0
1995,folk,0
1995,alternative rock,2
1995,comedy,0
1995,shibuya-kei,0
1995,blues,0
1995,symphony,0
1995,house,0
1995,punk,2
1995,indie rock,0
1995,europop,0
1995,grunge,2
1995,power pop,0
1995,jazz,1
1995,british pop,0
1995,adult contemporary,3
1995,electronica,0
1995,new age,0
1995,00s,0
1995,breakbeat,0
1995,piano rock,0
1995,drum and bass,0
1995,soca,0
1995,dub,1
1995,post-punk,2
1995,eurobeat,0
1995,hard rock,0
1995,hardcore,0
1995,funk,1
1995,grime,0
1995,electro house,0
1995,uk garage,0
1995,ska,0
1995,synthpop,0
1995,electro,1
1995,70s,0
1995,new wave,0
1995,ambient,0
1995,folk rock,0
1995,ballad,0
1995,alternative dance,0
1995,club,0
1995,teen pop,0
1995,progressive trance,0
1995,dance pop,0
1995,jazz fusion,0
1995,alternative,0
1995,rap rock,0
1995,crunk,0
1995,disco,0
1995,pop rock,0
1995,male vocalist,0
1995,hip house,2
1995,heavy metal,0
1995,new jack swing,0
1995,50s,0
1995,electropop,0
1995,bluegrass,0
1995,motown,0
1995,metal,0
1995,country music,0
1995,rockabilly,1
1995,nu metal,0
1995,celtic,0
1995,ambient house,0
1995,alternative metal,0
1995,world music,0
1995,melodic rock,0
1995,latin freestyle,0
1995,reggaeton,0
1995,trip hop,0
1995,classical,0
1995,hardcore punk,0
1995,soft rock,0
1995,pop punk,0
1995,boy band,0
1995,pub rock,0
1995,folktronica,0
1995,gospel,0
1995,southern rock,0
1995,rock 'n roll,0
1995,swing,0
1995,opera,0
1995,disco house,0
1995,rap metal,0
1995,italian dance,0
1995,downtempo,0
1995,roots rock,0
1995,funk rock,0
1996,trance,2
1996,pop,23
1996,rock,8
1996,dance,8
1996,j pop,0
1996,hip hop,6
1996,r&b,7
1996,rap,4
1996,na,0
1996,latin,1
1996,singer-songwriter,1
1996,dubstep,0
1996,soul,4
1996,emo,0
1996,electronic,0
1996,dancehall,1
1996,children music,0
1996,country,1
1996,80s,1
1996,90s,6
1996,eurodance,1
1996,easy listening,0
1996,techno,1
1996,reggae,2
1996,soundtrack,0
1996,folk,2
1996,alternative rock,1
1996,comedy,0
1996,shibuya-kei,0
1996,blues,1
1996,symphony,0
1996,house,1
1996,punk,1
1996,indie rock,0
1996,europop,0
1996,grunge,0
1996,power pop,1
1996,jazz,0
1996,british pop,1
1996,adult contemporary,4
1996,electronica,1
1996,new age,0
1996,00s,0
1996,breakbeat,0
1996,piano rock,0
1996,drum and bass,0
1996,soca,0
1996,dub,0
1996,post-punk,0
1996,eurobeat,0
1996,hard rock,0
1996,hardcore,0
1996,funk,0
1996,grime,0
1996,electro house,0
1996,uk garage,0
1996,ska,1
1996,synthpop,0
1996,electro,0
1996,70s,0
1996,new wave,0
1996,ambient,0
1996,folk rock,0
1996,ballad,0
1996,alternative dance,0
1996,club,0
1996,teen pop,0
1996,progressive trance,0
1996,dance pop,1
1996,jazz fusion,0
1996,alternative,0
1996,rap rock,0
1996,crunk,0
1996,disco,0
1996,pop rock,0
1996,male vocalist,0
1996,hip house,1
1996,heavy metal,1
1996,new jack swing,0
1996,50s,0
1996,electropop,0
1996,bluegrass,0
1996,motown,0
1996,metal,0
1996,country music,0
1996,rockabilly,0
1996,nu metal,0
1996,celtic,1
1996,ambient house,0
1996,alternative metal,0
1996,world music,0
1996,melodic rock,0
1996,latin freestyle,0
1996,reggaeton,0
1996,trip hop,0
1996,classical,0
1996,hardcore punk,0
1996,soft rock,0
1996,pop punk,0
1996,boy band,1
1996,pub rock,0
1996,folktronica,0
1996,gospel,0
1996,southern rock,0
1996,rock 'n roll,0
1996,swing,0
1996,opera,0
1996,disco house,0
1996,rap metal,0
1996,italian dance,0
1996,downtempo,0
1996,roots rock,0
1996,funk rock,0
1997,trance,0
1997,pop,41
1997,rock,25
1997,dance,19
1997,j pop,0
1997,hip hop,6
1997,r&b,17
1997,rap,5
1997,na,0
1997,latin,0
1997,singer-songwriter,1
1997,dubstep,0
1997,soul,8
1997,emo,0
1997,electronic,2
1997,dancehall,0
1997,children music,0
1997,country,4
1997,80s,0
1997,90s,2
1997,eurodance,7
1997,easy listening,1
1997,techno,2
1997,reggae,1
1997,soundtrack,3
1997,folk,3
1997,alternative rock,5
1997,comedy,0
1997,shibuya-kei,0
1997,blues,0
1997,symphony,0
1997,house,3
1997,punk,2
1997,indie rock,2
1997,europop,0
1997,grunge,4
1997,power pop,0
1997,jazz,1
1997,british pop,2
1997,adult contemporary,6
1997,electronica,1
1997,new age,0
1997,00s,0
1997,breakbeat,0
1997,piano rock,0
1997,drum and bass,0
1997,soca,0
1997,dub,0
1997,post-punk,1
1997,eurobeat,0
1997,hard rock,0
1997,hardcore,1
1997,funk,0
1997,grime,0
1997,electro house,0
1997,uk garage,0
1997,ska,2
1997,synthpop,0
1997,electro,0
1997,70s,0
1997,new wave,0
1997,ambient,0
1997,folk rock,0
1997,ballad,0
1997,alternative dance,0
1997,club,1
1997,teen pop,3
1997,progressive trance,0
1997,dance pop,0
1997,jazz fusion,0
1997,alternative,1
1997,rap rock,0
1997,crunk,0
1997,disco,1
1997,pop rock,0
1997,male vocalist,1
1997,hip house,0
1997,heavy metal,1
1997,new jack swing,2
1997,50s,0
1997,electropop,0
1997,bluegrass,0
1997,motown,2
1997,metal,1
1997,country music,1
1997,rockabilly,0
1997,nu metal,0
1997,celtic,0
1997,ambient house,0
1997,alternative metal,1
1997,world music,0
1997,melodic rock,0
1997,latin freestyle,0
1997,reggaeton,0
1997,trip hop,0
1997,classical,0
1997,hardcore punk,0
1997,soft rock,0
1997,pop punk,0
1997,boy band,0
1997,pub rock,0
1997,folktronica,0
1997,gospel,0
1997,southern rock,0
1997,rock 'n roll,0
1997,swing,0
1997,opera,0
1997,disco house,0
1997,rap metal,0
1997,italian dance,0
1997,downtempo,0
1997,roots rock,1
1997,funk rock,1
1998,trance,0
1998,pop,59
1998,rock,23
1998,dance,18
1998,j pop,1
1998,hip hop,5
1998,r&b,13
1998,rap,4
1998,na,0
1998,latin,1
1998,singer-songwriter,3
1998,dubstep,0
1998,soul,4
1998,emo,1
1998,electronic,1
1998,dancehall,0
1998,children music,0
1998,country,2
1998,80s,2
1998,90s,12
1998,eurodance,7
1998,easy listening,1
1998,techno,0
1998,reggae,0
1998,soundtrack,1
1998,folk,1
1998,alternative rock,1
1998,comedy,1
1998,shibuya-kei,0
1998,blues,0
1998,symphony,0
1998,house,4
1998,punk,5
1998,indie rock,0
1998,europop,0
1998,grunge,2
1998,power pop,0
1998,jazz,1
1998,british pop,0
1998,adult contemporary,4
1998,electronica,0
1998,new age,0
1998,00s,0
1998,breakbeat,0
1998,piano rock,1
1998,drum and bass,0
1998,soca,0
1998,dub,0
1998,post-punk,2
1998,eurobeat,0
1998,hard rock,1
1998,hardcore,0
1998,funk,0
1998,grime,0
1998,electro house,0
1998,uk garage,0
1998,ska,1
1998,synthpop,0
1998,electro,0
1998,70s,0
1998,new wave,0
1998,ambient,0
1998,folk rock,0
1998,ballad,0
1998,alternative dance,0
1998,club,0
1998,teen pop,2
1998,progressive trance,0
1998,dance pop,1
1998,jazz fusion,0
1998,alternative,1
1998,rap rock,0
1998,crunk,0
1998,disco,1
1998,pop rock,0
1998,male vocalist,0
1998,hip house,0
1998,heavy metal,3
1998,new jack swing,0
1998,50s,0
1998,electropop,0
1998,bluegrass,0
1998,motown,1
1998,metal,0
1998,country music,0
1998,rockabilly,0
1998,nu metal,0
1998,celtic,0
1998,ambient house,0
1998,alternative metal,0
1998,world music,0
1998,melodic rock,0
1998,latin freestyle,0
1998,reggaeton,0
1998,trip hop,0
1998,classical,0
1998,hardcore punk,0
1998,soft rock,0
1998,pop punk,0
1998,boy band,1
1998,pub rock,1
1998,folktronica,0
1998,gospel,0
1998,southern rock,0
1998,rock 'n roll,0
1998,swing,0
1998,opera,0
1998,disco house,0
1998,rap metal,0
1998,italian dance,0
1998,downtempo,0
1998,roots rock,0
1998,funk rock,0
1999,trance,1
1999,pop,68
1999,rock,32
1999,dance,19
1999,j pop,1
1999,hip hop,2
1999,r&b,9
1999,rap,3
1999,na,0
1999,latin,7
1999,singer-songwriter,1
1999,dubstep,1
1999,soul,3
1999,emo,0
1999,electronic,0
1999,dancehall,0
1999,children music,0
1999,country,4
1999,80s,0
1999,90s,1
1999,eurodance,5
1999,easy listening,0
1999,techno,0
1999,reggae,0
1999,soundtrack,0
1999,folk,1
1999,alternative rock,4
1999,comedy,0
1999,shibuya-kei,0
1999,blues,1
1999,symphony,0
1999,house,1
1999,punk,3
1999,indie rock,1
1999,europop,1
1999,grunge,3
1999,power pop,0
1999,jazz,0
1999,british pop,0
1999,adult contemporary,5
1999,electronica,0
1999,new age,0
1999,00s,0
1999,breakbeat,0
1999,piano rock,0
1999,drum and bass,0
1999,soca,0
1999,dub,0
1999,post-punk,0
1999,eurobeat,0
1999,hard rock,1
1999,hardcore,0
1999,funk,0
1999,grime,0
1999,electro house,0
1999,uk garage,1
1999,ska,0
1999,synthpop,0
1999,electro,0
1999,70s,0
1999,new wave,0
1999,ambient,0
1999,folk rock,0
1999,ballad,2
1999,alternative dance,0
1999,club,0
1999,teen pop,4
1999,progressive trance,0
1999,dance pop,0
1999,jazz fusion,1
1999,alternative,0
1999,rap rock,0
1999,crunk,0
1999,disco,0
1999,pop rock,0
1999,male vocalist,0
1999,hip house,0
1999,heavy metal,0
1999,new jack swing,0
1999,50s,0
1999,electropop,1
1999,bluegrass,0
1999,motown,3
1999,metal,0
1999,country music,0
1999,rockabilly,1
1999,nu metal,2
1999,celtic,0
1999,ambient house,1
1999,alternative metal,0
1999,world music,0
1999,melodic rock,0
1999,latin freestyle,0
1999,reggaeton,0
1999,trip hop,0
1999,classical,0
1999,hardcore punk,1
1999,soft rock,0
1999,pop punk,0
1999,boy band,1
1999,pub rock,0
1999,folktronica,0
1999,gospel,0
1999,southern rock,0
1999,rock 'n roll,0
1999,swing,0
1999,opera,0
1999,disco house,0
1999,rap metal,0
1999,italian dance,0
1999,downtempo,0
1999,roots rock,0
1999,funk rock,1
2000,trance,2
2000,pop,63
2000,rock,22
2000,dance,28
2000,j pop,0
2000,hip hop,3
2000,r&b,12
2000,rap,3
2000,na,0
2000,latin,1
2000,singer-songwriter,1
2000,dubstep,0
2000,soul,2
2000,emo,0
2000,electronic,1
2000,dancehall,0
2000,children music,0
2000,country,3
2000,80s,1
2000,90s,3
2000,eurodance,7
2000,easy listening,0
2000,techno,0
2000,reggae,0
2000,soundtrack,0
2000,folk,0
2000,alternative rock,5
2000,comedy,1
2000,shibuya-kei,0
2000,blues,0
2000,symphony,0
2000,house,4
2000,punk,3
2000,indie rock,1
2000,europop,2
2000,grunge,0
2000,power pop,0
2000,jazz,0
2000,british pop,1
2000,adult contemporary,4
2000,electronica,0
2000,new age,0
2000,00s,0
2000,breakbeat,2
2000,piano rock,0
2000,drum and bass,0
2000,soca,0
2000,dub,0
2000,post-punk,1
2000,eurobeat,0
2000,hard rock,2
2000,hardcore,1
2000,funk,2
2000,grime,0
2000,electro house,0
2000,uk garage,0
2000,ska,1
2000,synthpop,0
2000,electro,0
2000,70s,0
2000,new wave,0
2000,ambient,0
2000,folk rock,0
2000,ballad,0
2000,alternative dance,0
2000,club,3
2000,teen pop,5
2000,progressive trance,0
2000,dance pop,1
2000,jazz fusion,0
2000,alternative,0
2000,rap rock,1
2000,crunk,0
2000,disco,0
2000,pop rock,1
2000,male vocalist,0
2000,hip house,0
2000,heavy metal,0
2000,new jack swing,0
2000,50s,0
2000,electropop,0
2000,bluegrass,0
2000,motown,1
2000,metal,0
2000,country music,0
2000,rockabilly,0
2000,nu metal,1
2000,celtic,1
2000,ambient house,0
2000,alternative metal,0
2000,world music,0
2000,melodic rock,0
2000,latin freestyle,0
2000,reggaeton,0
2000,trip hop,0
2000,classical,0
2000,hardcore punk,0
2000,soft rock,0
2000,pop punk,0
2000,boy band,0
2000,pub rock,0
2000,folktronica,0
2000,gospel,0
2000,southern rock,0
2000,rock 'n roll,0
2000,swing,0
2000,opera,0
2000,disco house,0
2000,rap metal,0
2000,italian dance,0
2000,downtempo,0
2000,roots rock,0
2000,funk rock,0
2001,trance,1
2001,pop,54
2001,rock,20
2001,dance,15
2001,j pop,0
2001,hip hop,6
2001,r&b,25
2001,rap,11
2001,na,0
2001,latin,2
2001,singer-songwriter,3
2001,dubstep,0
2001,soul,9
2001,emo,0
2001,electronic,2
2001,dancehall,3
2001,children music,4
2001,country,3
2001,80s,0
2001,90s,0
2001,eurodance,0
2001,easy listening,0
2001,techno,2
2001,reggae,3
2001,soundtrack,4
2001,folk,0
2001,alternative rock,4
2001,comedy,0
2001,shibuya-kei,0
2001,blues,0
2001,symphony,0
2001,house,3
2001,punk,1
2001,indie rock,0
2001,europop,0
2001,grunge,0
2001,power pop,0
2001,jazz,0
2001,british pop,2
2001,adult contemporary,0
2001,electronica,0
2001,new age,0
2001,00s,1
2001,breakbeat,0
2001,piano rock,0
2001,drum and bass,0
2001,soca,0
2001,dub,0
2001,post-punk,1
2001,eurobeat,0
2001,hard rock,2
2001,hardcore,1
2001,funk,1
2001,grime,0
2001,electro house,0
2001,uk garage,0
2001,ska,0
2001,synthpop,0
2001,electro,0
2001,70s,0
2001,new wave,0
2001,ambient,0
2001,folk rock,0
2001,ballad,1
2001,alternative dance,0
2001,club,2
2001,teen pop,1
2001,progressive trance,0
2001,dance pop,0
2001,jazz fusion,0
2001,alternative,0
2001,rap rock,0
2001,crunk,0
2001,disco,0
2001,pop rock,0
2001,male vocalist,0
2001,hip house,0
2001,heavy metal,0
2001,new jack swing,0
2001,50s,0
2001,electropop,0
2001,bluegrass,0
2001,motown,1
2001,metal,0
2001,country music,0
2001,rockabilly,0
2001,nu metal,2
2001,celtic,0
2001,ambient house,0
2001,alternative metal,0
2001,world music,0
2001,melodic rock,0
2001,latin freestyle,0
2001,reggaeton,0
2001,trip hop,0
2001,classical,0
2001,hardcore punk,0
2001,soft rock,0
2001,pop punk,0
2001,boy band,0
2001,pub rock,0
2001,folktronica,0
2001,gospel,0
2001,southern rock,0
2001,rock 'n roll,0
2001,swing,0
2001,opera,0
2001,disco house,0
2001,rap metal,0
2001,italian dance,0
2001,downtempo,0
2001,roots rock,0
2001,funk rock,0
2002,trance,0
2002,pop,54
2002,rock,25
2002,dance,16
2002,j pop,0
2002,hip hop,11
2002,r&b,16
2002,rap,10
2002,na,0
2002,latin,7
2002,singer-songwriter,3
2002,dubstep,0
2002,soul,1
2002,emo,0
2002,electronic,4
2002,dancehall,0
2002,children music,0
2002,country,4
2002,80s,0
2002,90s,0
2002,eurodance,0
2002,easy listening,0
2002,techno,1
2002,reggae,1
2002,soundtrack,2
2002,folk,0
2002,alternative rock,1
2002,comedy,1
2002,shibuya-kei,0
2002,blues,0
2002,symphony,0
2002,house,3
2002,punk,0
2002,indie rock,0
2002,europop,0
2002,grunge,1
2002,power pop,1
2002,jazz,0
2002,british pop,1
2002,adult contemporary,1
2002,electronica,0
2002,new age,0
2002,00s,1
2002,breakbeat,0
2002,piano rock,0
2002,drum and bass,0
2002,soca,0
2002,dub,0
2002,post-punk,0
2002,eurobeat,0
2002,hard rock,2
2002,hardcore,0
2002,funk,0
2002,grime,0
2002,electro house,0
2002,uk garage,1
2002,ska,2
2002,synthpop,0
2002,electro,0
2002,70s,0
2002,new wave,1
2002,ambient,0
2002,folk rock,0
2002,ballad,1
2002,alternative dance,0
2002,club,1
2002,teen pop,2
2002,progressive trance,0
2002,dance pop,0
2002,jazz fusion,0
2002,alternative,0
2002,rap rock,0
2002,crunk,0
2002,disco,3
2002,pop rock,0
2002,male vocalist,3
2002,hip house,0
2002,heavy metal,0
2002,new jack swing,0
2002,50s,0
2002,electropop,2
2002,bluegrass,0
2002,motown,0
2002,metal,1
2002,country music,1
2002,rockabilly,0
2002,nu metal,3
2002,celtic,0
2002,ambient house,0
2002,alternative metal,0
2002,world music,0
2002,melodic rock,0
2002,latin freestyle,0
2002,reggaeton,0
2002,trip hop,0
2002,classical,0
2002,hardcore punk,0
2002,soft rock,0
2002,pop punk,0
2002,boy band,0
2002,pub rock,0
2002,folktronica,0
2002,gospel,0
2002,southern rock,0
2002,rock 'n roll,1
2002,swing,0
2002,opera,0
2002,disco house,0
2002,rap metal,0
2002,italian dance,0
2002,downtempo,0
2002,roots rock,0
2002,funk rock,1
2003,trance,0
2003,pop,54
2003,rock,18
2003,dance,9
2003,j pop,0
2003,hip hop,20
2003,r&b,24
2003,rap,16
2003,na,0
2003,latin,1
2003,singer-songwriter,1
2003,dubstep,0
2003,soul,3
2003,emo,0
2003,electronic,1
2003,dancehall,2
2003,children music,0
2003,country,6
2003,80s,0
2003,90s,0
2003,eurodance,0
2003,easy listening,0
2003,techno,0
2003,reggae,2
2003,soundtrack,2
2003,folk,0
2003,alternative rock,1
2003,comedy,1
2003,shibuya-kei,0
2003,blues,1
2003,symphony,0
2003,house,1
2003,punk,0
2003,indie rock,0
2003,europop,0
2003,grunge,1
2003,power pop,0
2003,jazz,1
2003,british pop,1
2003,adult contemporary,5
2003,electronica,0
2003,new age,0
2003,00s,0
2003,breakbeat,0
2003,piano rock,0
2003,drum and bass,0
2003,soca,0
2003,dub,0
2003,post-punk,0
2003,eurobeat,0
2003,hard rock,3
2003,hardcore,0
2003,funk,1
2003,grime,0
2003,electro house,0
2003,uk garage,1
2003,ska,0
2003,synthpop,0
2003,electro,1
2003,70s,0
2003,new wave,0
2003,ambient,0
2003,folk rock,0
2003,ballad,0
2003,alternative dance,0
2003,club,1
2003,teen pop,4
2003,progressive trance,0
2003,dance pop,0
2003,jazz fusion,0
2003,alternative,0
2003,rap rock,0
2003,crunk,0
2003,disco,0
2003,pop rock,0
2003,male vocalist,0
2003,hip house,0
2003,heavy metal,0
2003,new jack swing,0
2003,50s,0
2003,electropop,1
2003,bluegrass,1
2003,motown,0
2003,metal,0
2003,country music,1
2003,rockabilly,0
2003,nu metal,2
2003,celtic,0
2003,ambient house,0
2003,alternative metal,0
2003,world music,0
2003,melodic rock,0
2003,latin freestyle,0
2003,reggaeton,0
2003,trip hop,0
2003,classical,0
2003,hardcore punk,0
2003,soft rock,0
2003,pop punk,0
2003,boy band,0
2003,pub rock,0
2003,folktronica,0
2003,gospel,0
2003,southern rock,0
2003,rock 'n roll,0
2003,swing,0
2003,opera,0
2003,disco house,0
2003,rap metal,0
2003,italian dance,1
2003,downtempo,0
2003,roots rock,0
2003,funk rock,0
2004,trance,0
2004,pop,54
2004,rock,31
2004,dance,10
2004,j pop,0
2004,hip hop,16
2004,r&b,18
2004,rap,12
2004,na,0
2004,latin,2
2004,singer-songwriter,3
2004,dubstep,0
2004,soul,4
2004,emo,0
2004,electronic,3
2004,dancehall,1
2004,children music,0
2004,country,2
2004,80s,0
2004,90s,0
2004,eurodance,0
2004,easy listening,0
2004,techno,1
2004,reggae,0
2004,soundtrack,0
2004,folk,1
2004,alternative rock,3
2004,comedy,0
2004,shibuya-kei,0
2004,blues,0
2004,symphony,1
2004,house,1
2004,punk,2
2004,indie rock,1
2004,europop,0
2004,grunge,0
2004,power pop,0
2004,jazz,1
2004,british pop,0
2004,adult contemporary,2
2004,electronica,0
2004,new age,0
2004,00s,0
2004,breakbeat,1
2004,piano rock,0
2004,drum and bass,0
2004,soca,1
2004,dub,0
2004,post-punk,0
2004,eurobeat,0
2004,hard rock,4
2004,hardcore,1
2004,funk,3
2004,grime,0
2004,electro house,0
2004,uk garage,0
2004,ska,1
2004,synthpop,0
2004,electro,0
2004,70s,0
2004,new wave,0
2004,ambient,0
2004,folk rock,0
2004,ballad,0
2004,alternative dance,0
2004,club,2
2004,teen pop,0
2004,progressive trance,0
2004,dance pop,1
2004,jazz fusion,0
2004,alternative,2
2004,rap rock,1
2004,crunk,0
2004,disco,0
2004,pop rock,1
2004,male vocalist,0
2004,hip house,0
2004,heavy metal,0
2004,new jack swing,0
2004,50s,0
2004,electropop,0
2004,bluegrass,0
2004,motown,1
2004,metal,0
2004,country music,0
2004,rockabilly,0
2004,nu metal,1
2004,celtic,0
2004,ambient house,0
2004,alternative metal,0
2004,world music,0
2004,melodic rock,0
2004,latin freestyle,0
2004,reggaeton,1
2004,trip hop,0
2004,classical,0
2004,hardcore punk,0
2004,soft rock,0
2004,pop punk,0
2004,boy band,0
2004,pub rock,0
2004,folktronica,0
2004,gospel,1
2004,southern rock,0
2004,rock 'n roll,0
2004,swing,1
2004,opera,0
2004,disco house,0
2004,rap metal,0
2004,italian dance,0
2004,downtempo,0
2004,roots rock,0
2004,funk rock,0
2005,trance,0
2005,pop,62
2005,rock,24
2005,dance,12
2005,j pop,0
2005,hip hop,19
2005,r&b,18
2005,rap,21
2005,na,0
2005,latin,1
2005,singer-songwriter,7
2005,dubstep,0
2005,soul,1
2005,emo,0
2005,electronic,4
2005,dancehall,0
2005,children music,1
2005,country,3
2005,80s,1
2005,90s,0
2005,eurodance,0
2005,easy listening,0
2005,techno,0
2005,reggae,0
2005,soundtrack,0
2005,folk,1
2005,alternative rock,0
2005,comedy,0
2005,shibuya-kei,0
2005,blues,0
2005,symphony,0
2005,house,2
2005,punk,2
2005,indie rock,1
2005,europop,0
2005,grunge,0
2005,power pop,0
2005,jazz,0
2005,british pop,1
2005,adult contemporary,1
2005,electronica,0
2005,new age,0
2005,00s,1
2005,breakbeat,0
2005,piano rock,0
2005,drum and bass,0
2005,soca,0
2005,dub,0
2005,post-punk,0
2005,eurobeat,0
2005,hard rock,2
2005,hardcore,0
2005,funk,0
2005,grime,0
2005,electro house,0
2005,uk garage,0
2005,ska,0
2005,synthpop,0
2005,electro,0
2005,70s,0
2005,new wave,0
2005,ambient,0
2005,folk rock,0
2005,ballad,0
2005,alternative dance,0
2005,club,0
2005,teen pop,2
2005,progressive trance,0
2005,dance pop,1
2005,jazz fusion,0
2005,alternative,1
2005,rap rock,1
2005,crunk,0
2005,disco,0
2005,pop rock,2
2005,male vocalist,0
2005,hip house,0
2005,heavy metal,0
2005,new jack swing,0
2005,50s,0
2005,electropop,0
2005,bluegrass,0
2005,motown,0
2005,metal,0
2005,country music,0
2005,rockabilly,0
2005,nu metal,0
2005,celtic,0
2005,ambient house,0
2005,alternative metal,0
2005,world music,0
2005,melodic rock,0
2005,latin freestyle,0
2005,reggaeton,0
2005,trip hop,0
2005,classical,0
2005,hardcore punk,0
2005,soft rock,0
2005,pop punk,0
2005,boy band,0
2005,pub rock,0
2005,folktronica,0
2005,gospel,0
2005,southern rock,0
2005,rock 'n roll,0
2005,swing,0
2005,opera,0
2005,disco house,0
2005,rap metal,0
2005,italian dance,0
2005,downtempo,1
2005,roots rock,0
2005,funk rock,0
2006,trance,0
2006,pop,64
2006,rock,28
2006,dance,10
2006,j pop,0
2006,hip hop,6
2006,r&b,21
2006,rap,6
2006,na,0
2006,latin,2
2006,singer-songwriter,5
2006,dubstep,0
2006,soul,4
2006,emo,3
2006,electronic,0
2006,dancehall,1
2006,children music,0
2006,country,2
2006,80s,1
2006,90s,0
2006,eurodance,1
2006,easy listening,0
2006,techno,0
2006,reggae,1
2006,soundtrack,0
2006,folk,0
2006,alternative rock,2
2006,comedy,0
2006,shibuya-kei,0
2006,blues,1
2006,symphony,0
2006,house,3
2006,punk,2
2006,indie rock,4
2006,europop,0
2006,grunge,0
2006,power pop,0
2006,jazz,1
2006,british pop,0
2006,adult contemporary,1
2006,electronica,0
2006,new age,0
2006,00s,0
2006,breakbeat,0
2006,piano rock,0
2006,drum and bass,0
2006,soca,0
2006,dub,0
2006,post-punk,0
2006,eurobeat,0
2006,hard rock,4
2006,hardcore,0
2006,funk,1
2006,grime,0
2006,electro house,0
2006,uk garage,0
2006,ska,0
2006,synthpop,0
2006,electro,0
2006,70s,0
2006,new wave,0
2006,ambient,0
2006,folk rock,0
2006,ballad,2
2006,alternative dance,0
2006,club,0
2006,teen pop,2
2006,progressive trance,0
2006,dance pop,5
2006,jazz fusion,1
2006,alternative,0
2006,rap rock,0
2006,crunk,0
2006,disco,0
2006,pop rock,4
2006,male vocalist,0
2006,hip house,0
2006,heavy metal,0
2006,new jack swing,0
2006,50s,0
2006,electropop,0
2006,bluegrass,1
2006,motown,0
2006,metal,0
2006,country music,0
2006,rockabilly,0
2006,nu metal,0
2006,celtic,0
2006,ambient house,0
2006,alternative metal,0
2006,world music,0
2006,melodic rock,0
2006,latin freestyle,0
2006,reggaeton,1
2006,trip hop,0
2006,classical,0
2006,hardcore punk,1
2006,soft rock,0
2006,pop punk,1
2006,boy band,1
2006,pub rock,0
2006,folktronica,0
2006,gospel,0
2006,southern rock,0
2006,rock 'n roll,0
2006,swing,0
2006,opera,1
2006,disco house,1
2006,rap metal,0
2006,italian dance,0
2006,downtempo,0
2006,roots rock,0
2006,funk rock,1
2007,trance,0
2007,pop,61
2007,rock,40
2007,dance,16
2007,j pop,0
2007,hip hop,7
2007,r&b,23
2007,rap,3
2007,na,0
2007,latin,0
2007,singer-songwriter,5
2007,dubstep,0
2007,soul,1
2007,emo,3
2007,electronic,0
2007,dancehall,0
2007,children music,0
2007,country,1
2007,80s,0
2007,90s,0
2007,eurodance,0
2007,easy listening,0
2007,techno,1
2007,reggae,1
2007,soundtrack,1
2007,folk,2
2007,alternative rock,2
2007,comedy,0
2007,shibuya-kei,0
2007,blues,0
2007,symphony,0
2007,house,5
2007,punk,0
2007,indie rock,2
2007,europop,0
2007,grunge,2
2007,power pop,0
2007,jazz,1
2007,british pop,0
2007,adult contemporary,1
2007,electronica,0
2007,new age,0
2007,00s,0
2007,breakbeat,0
2007,piano rock,0
2007,drum and bass,0
2007,soca,0
2007,dub,0
2007,post-punk,0
2007,eurobeat,0
2007,hard rock,4
2007,hardcore,0
2007,funk,0
2007,grime,0
2007,electro house,0
2007,uk garage,0
2007,ska,0
2007,synthpop,0
2007,electro,2
2007,70s,0
2007,new wave,0
2007,ambient,0
2007,folk rock,0
2007,ballad,1
2007,alternative dance,0
2007,club,1
2007,teen pop,0
2007,progressive trance,0
2007,dance pop,0
2007,jazz fusion,1
2007,alternative,0
2007,rap rock,2
2007,crunk,0
2007,disco,0
2007,pop rock,0
2007,male vocalist,1
2007,hip house,0
2007,heavy metal,0
2007,new jack swing,0
2007,50s,0
2007,electropop,0
2007,bluegrass,1
2007,motown,0
2007,metal,0
2007,country music,0
2007,rockabilly,0
2007,nu metal,1
2007,celtic,0
2007,ambient house,0
2007,alternative metal,0
2007,world music,0
2007,melodic rock,0
2007,latin freestyle,0
2007,reggaeton,0
2007,trip hop,0
2007,classical,0
2007,hardcore punk,0
2007,soft rock,0
2007,pop punk,3
2007,boy band,0
2007,pub rock,0
2007,folktronica,0
2007,gospel,0
2007,southern rock,0
2007,rock 'n roll,0
2007,swing,1
2007,opera,0
2007,disco house,0
2007,rap metal,0
2007,italian dance,0
2007,downtempo,0
2007,roots rock,0
2007,funk rock,0
2008,trance,0
2008,pop,63
2008,rock,33
2008,dance,15
2008,j pop,0
2008,hip hop,4
2008,r&b,22
2008,rap,7
2008,na,0
2008,latin,0
2008,singer-songwriter,4
2008,dubstep,0
2008,soul,5
2008,emo,1
2008,electronic,5
2008,dancehall,0
2008,children music,0
2008,country,3
2008,80s,0
2008,90s,0
2008,eurodance,0
2008,easy listening,0
2008,techno,1
2008,reggae,0
2008,soundtrack,0
2008,folk,1
2008,alternative rock,2
2008,comedy,0
2008,shibuya-kei,0
2008,blues,0
2008,symphony,0
2008,house,3
2008,punk,1
2008,indie rock,2
2008,europop,0
2008,grunge,0
2008,power pop,0
2008,jazz,0
2008,british pop,0
2008,adult contemporary,0
2008,electronica,0
2008,new age,0
2008,00s,0
2008,breakbeat,0
2008,piano rock,0
2008,drum and bass,0
2008,soca,0
2008,dub,0
2008,post-punk,0
2008,eurobeat,0
2008,hard rock,3
2008,hardcore,0
2008,funk,1
2008,grime,1
2008,electro house,0
2008,uk garage,0
2008,ska,0
2008,synthpop,0
2008,electro,0
2008,70s,0
2008,new wave,0
2008,ambient,0
2008,folk rock,0
2008,ballad,0
2008,alternative dance,0
2008,club,0
2008,teen pop,0
2008,progressive trance,0
2008,dance pop,2
2008,jazz fusion,1
2008,alternative,0
2008,rap rock,0
2008,crunk,0
2008,disco,0
2008,pop rock,1
2008,male vocalist,1
2008,hip house,0
2008,heavy metal,0
2008,new jack swing,0
2008,50s,0
2008,electropop,0
2008,bluegrass,0
2008,motown,0
2008,metal,0
2008,country music,0
2008,rockabilly,0
2008,nu metal,1
2008,celtic,0
2008,ambient house,0
2008,alternative metal,0
2008,world music,0
2008,melodic rock,0
2008,latin freestyle,0
2008,reggaeton,0
2008,trip hop,0
2008,classical,0
2008,hardcore punk,0
2008,soft rock,1
2008,pop punk,2
2008,boy band,0
2008,pub rock,0
2008,folktronica,0
2008,gospel,0
2008,southern rock,2
2008,rock 'n roll,0
2008,swing,0
2008,opera,0
2008,disco house,0
2008,rap metal,0
2008,italian dance,0
2008,downtempo,0
2008,roots rock,0
2008,funk rock,0
2009,trance,0
2009,pop,64
2009,rock,29
2009,dance,17
2009,j pop,0
2009,hip hop,10
2009,r&b,15
2009,rap,12
2009,na,0
2009,latin,0
2009,singer-songwriter,2
2009,dubstep,0
2009,soul,2
2009,emo,3
2009,electronic,3
2009,dancehall,0
2009,children music,0
2009,country,4
2009,80s,1
2009,90s,0
2009,eurodance,1
2009,easy listening,0
2009,techno,0
2009,reggae,0
2009,soundtrack,2
2009,folk,1
2009,alternative rock,0
2009,comedy,1
2009,shibuya-kei,0
2009,blues,0
2009,symphony,0
2009,house,4
2009,punk,2
2009,indie rock,2
2009,europop,0
2009,grunge,0
2009,power pop,0
2009,jazz,0
2009,british pop,0
2009,adult contemporary,0
2009,electronica,0
2009,new age,0
2009,00s,0
2009,breakbeat,0
2009,piano rock,0
2009,drum and bass,0
2009,soca,0
2009,dub,0
2009,post-punk,0
2009,eurobeat,0
2009,hard rock,2
2009,hardcore,0
2009,funk,0
2009,grime,0
2009,electro house,0
2009,uk garage,0
2009,ska,0
2009,synthpop,1
2009,electro,0
2009,70s,0
2009,new wave,0
2009,ambient,0
2009,folk rock,0
2009,ballad,0
2009,alternative dance,0
2009,club,0
2009,teen pop,0
2009,progressive trance,0
2009,dance pop,1
2009,jazz fusion,0
2009,alternative,1
2009,rap rock,0
2009,crunk,2
2009,disco,0
2009,pop rock,1
2009,male vocalist,0
2009,hip house,0
2009,heavy metal,0
2009,new jack swing,0
2009,50s,0
2009,electropop,2
2009,bluegrass,1
2009,motown,0
2009,metal,0
2009,country music,0
2009,rockabilly,0
2009,nu metal,1
2009,celtic,0
2009,ambient house,0
2009,alternative metal,0
2009,world music,0
2009,melodic rock,0
2009,latin freestyle,0
2009,reggaeton,0
2009,trip hop,0
2009,classical,1
2009,hardcore punk,0
2009,soft rock,0
2009,pop punk,0
2009,boy band,0
2009,pub rock,0
2009,folktronica,0
2009,gospel,0
2009,southern rock,2
2009,rock 'n roll,0
2009,swing,0
2009,opera,0
2009,disco house,0
2009,rap metal,0
2009,italian dance,0
2009,downtempo,0
2009,roots rock,0
2009,funk rock,0
2010,trance,0
2010,pop,63
2010,rock,15
2010,dance,18
2010,j pop,0
2010,hip hop,11
2010,r&b,23
2010,rap,15
2010,na,0
2010,latin,2
2010,singer-songwriter,1
2010,dubstep,0
2010,soul,2
2010,emo,1
2010,electronic,3
2010,dancehall,0
2010,children music,0
2010,country,5
2010,80s,0
2010,90s,0
2010,eurodance,0
2010,easy listening,0
2010,techno,0
2010,reggae,1
2010,soundtrack,0
2010,folk,2
2010,alternative rock,2
2010,comedy,1
2010,shibuya-kei,0
2010,blues,0
2010,symphony,0
2010,house,4
2010,punk,0
2010,indie rock,5
2010,europop,0
2010,grunge,0
2010,power pop,0
2010,jazz,1
2010,british pop,0
2010,adult contemporary,0
2010,electronica,0
2010,new age,0
2010,00s,0
2010,breakbeat,0
2010,piano rock,0
2010,drum and bass,0
2010,soca,0
2010,dub,0
2010,post-punk,0
2010,eurobeat,0
2010,hard rock,0
2010,hardcore,0
2010,funk,0
2010,grime,0
2010,electro house,0
2010,uk garage,0
2010,ska,0
2010,synthpop,1
2010,electro,0
2010,70s,0
2010,new wave,0
2010,ambient,0
2010,folk rock,0
2010,ballad,0
2010,alternative dance,0
2010,club,1
2010,teen pop,0
2010,progressive trance,0
2010,dance pop,0
2010,jazz fusion,0
2010,alternative,2
2010,rap rock,0
2010,crunk,2
2010,disco,0
2010,pop rock,0
2010,male vocalist,0
2010,hip house,0
2010,heavy metal,0
2010,new jack swing,0
2010,50s,0
2010,electropop,0
2010,bluegrass,1
2010,motown,0
2010,metal,0
2010,country music,0
2010,rockabilly,0
2010,nu metal,0
2010,celtic,0
2010,ambient house,0
2010,alternative metal,0
2010,world music,0
2010,melodic rock,0
2010,latin freestyle,0
2010,reggaeton,0
2010,trip hop,0
2010,classical,0
2010,hardcore punk,0
2010,soft rock,0
2010,pop punk,1
2010,boy band,0
2010,pub rock,0
2010,folktronica,0
2010,gospel,0
2010,southern rock,0
2010,rock 'n roll,0
2010,swing,1
2010,opera,0
2010,disco house,0
2010,rap metal,0
2010,italian dance,0
2010,downtempo,0
2010,roots rock,0
2010,funk rock,0
2011,trance,0
2011,pop,59
2011,rock,11
2011,dance,27
2011,j pop,0
2011,hip hop,8
2011,r&b,33
2011,rap,11
2011,na,0
2011,latin,1
2011,singer-songwriter,1
2011,dubstep,0
2011,soul,6
2011,emo,0
2011,electronic,2
2011,dancehall,0
2011,children music,0
2011,country,0
2011,80s,0
2011,90s,0
2011,eurodance,1
2011,easy listening,0
2011,techno,0
2011,reggae,1
2011,soundtrack,0
2011,folk,1
2011,alternative rock,0
2011,comedy,0
2011,shibuya-kei,0
2011,blues,0
2011,symphony,0
2011,house,7
2011,punk,0
2011,indie rock,1
2011,europop,0
2011,grunge,0
2011,power pop,1
2011,jazz,0
2011,british pop,0
2011,adult contemporary,0
2011,electronica,0
2011,new age,0
2011,00s,0
2011,breakbeat,0
2011,piano rock,0
2011,drum and bass,0
2011,soca,0
2011,dub,0
2011,post-punk,0
2011,eurobeat,0
2011,hard rock,0
2011,hardcore,0
2011,funk,1
2011,grime,0
2011,electro house,0
2011,uk garage,0
2011,ska,0
2011,synthpop,0
2011,electro,3
2011,70s,0
2011,new wave,0
2011,ambient,0
2011,folk rock,0
2011,ballad,0
2011,alternative dance,0
2011,club,0
2011,teen pop,0
2011,progressive trance,0
2011,dance pop,0
2011,jazz fusion,0
2011,alternative,1
2011,rap rock,1
2011,crunk,0
2011,disco,2
2011,pop rock,0
2011,male vocalist,0
2011,hip house,0
2011,heavy metal,0
2011,new jack swing,0
2011,50s,0
2011,electropop,0
2011,bluegrass,0
2011,motown,0
2011,metal,0
2011,country music,0
2011,rockabilly,0
2011,nu metal,0
2011,celtic,0
2011,ambient house,0
2011,alternative metal,0
2011,world music,0
2011,melodic rock,0
2011,latin freestyle,0
2011,reggaeton,0
2011,trip hop,0
2011,classical,0
2011,hardcore punk,0
2011,soft rock,0
2011,pop punk,0
2011,boy band,1
2011,pub rock,0
2011,folktronica,0
2011,gospel,0
2011,southern rock,0
2011,rock 'n roll,0
2011,swing,0
2011,opera,0
2011,disco house,0
2011,rap metal,0
2011,italian dance,0
2011,downtempo,0
2011,roots rock,0
2011,funk rock,0
2012,trance,0
2012,pop,56
2012,rock,14
2012,dance,16
2012,j pop,0
2012,hip hop,12
2012,r&b,30
2012,rap,13
2012,na,0
2012,latin,0
2012,singer-songwriter,3
2012,dubstep,1
2012,soul,6
2012,emo,0
2012,electronic,3
2012,dancehall,0
2012,children music,0
2012,country,2
2012,80s,0
2012,90s,0
2012,eurodance,0
2012,easy listening,0
2012,techno,0
2012,reggae,0
2012,soundtrack,1
2012,folk,6
2012,alternative rock,0
2012,comedy,0
2012,shibuya-kei,0
2012,blues,1
2012,symphony,0
2012,house,4
2012,punk,0
2012,indie rock,5
2012,europop,0
2012,grunge,0
2012,power pop,0
2012,jazz,1
2012,british pop,0
2012,adult contemporary,1
2012,electronica,0
2012,new age,0
2012,00s,0
2012,breakbeat,0
2012,piano rock,0
2012,drum and bass,1
2012,soca,0
2012,dub,0
2012,post-punk,0
2012,eurobeat,0
2012,hard rock,0
2012,hardcore,0
2012,funk,0
2012,grime,0
2012,electro house,0
2012,uk garage,0
2012,ska,0
2012,synthpop,0
2012,electro,2
2012,70s,0
2012,new wave,0
2012,ambient,0
2012,folk rock,0
2012,ballad,0
2012,alternative dance,0
2012,club,0
2012,teen pop,0
2012,progressive trance,0
2012,dance pop,0
2012,jazz fusion,0
2012,alternative,2
2012,rap rock,2
2012,crunk,0
2012,disco,2
2012,pop rock,0
2012,male vocalist,0
2012,hip house,0
2012,heavy metal,0
2012,new jack swing,0
2012,50s,0
2012,electropop,0
2012,bluegrass,1
2012,motown,0
2012,metal,0
2012,country music,0
2012,rockabilly,0
2012,nu metal,0
2012,celtic,0
2012,ambient house,0
2012,alternative metal,0
2012,world music,0
2012,melodic rock,0
2012,latin freestyle,0
2012,reggaeton,0
2012,trip hop,0
2012,classical,0
2012,hardcore punk,0
2012,soft rock,0
2012,pop punk,0
2012,boy band,3
2012,pub rock,0
2012,folktronica,0
2012,gospel,0
2012,southern rock,0
2012,rock 'n roll,0
2012,swing,0
2012,opera,0
2012,disco house,0
2012,rap metal,0
2012,italian dance,0
2012,downtempo,0
2012,roots rock,0
2012,funk rock,0
2013,trance,1
2013,pop,57
2013,rock,10
2013,dance,19
2013,j pop,0
2013,hip hop,10
2013,r&b,26
2013,rap,10
2013,na,0
2013,latin,0
2013,singer-songwriter,3
2013,dubstep,0
2013,soul,4
2013,emo,1
2013,electronic,9
2013,dancehall,0
2013,children music,0
2013,country,4
2013,80s,0
2013,90s,0
2013,eurodance,0
2013,easy listening,0
2013,techno,1
2013,reggae,1
2013,soundtrack,0
2013,folk,6
2013,alternative rock,2
2013,comedy,1
2013,shibuya-kei,0
2013,blues,0
2013,symphony,0
2013,house,8
2013,punk,0
2013,indie rock,7
2013,europop,0
2013,grunge,0
2013,power pop,0
2013,jazz,0
2013,british pop,0
2013,adult contemporary,0
2013,electronica,0
2013,new age,0
2013,00s,0
2013,breakbeat,0
2013,piano rock,0
2013,drum and bass,0
2013,soca,0
2013,dub,0
2013,post-punk,0
2013,eurobeat,0
2013,hard rock,0
2013,hardcore,0
2013,funk,0
2013,grime,0
2013,electro house,1
2013,uk garage,0
2013,ska,0
2013,synthpop,0
2013,electro,0
2013,70s,0
2013,new wave,0
2013,ambient,0
2013,folk rock,1
2013,ballad,0
2013,alternative dance,0
2013,club,0
2013,teen pop,0
2013,progressive trance,1
2013,dance pop,0
2013,jazz fusion,0
2013,alternative,2
2013,rap rock,0
2013,crunk,0
2013,disco,1
2013,pop rock,1
2013,male vocalist,0
2013,hip house,0
2013,heavy metal,0
2013,new jack swing,0
2013,50s,0
2013,electropop,0
2013,bluegrass,1
2013,motown,0
2013,metal,0
2013,country music,0
2013,rockabilly,0
2013,nu metal,0
2013,celtic,0
2013,ambient house,0
2013,alternative metal,0
2013,world music,0
2013,melodic rock,0
2013,latin freestyle,0
2013,reggaeton,0
2013,trip hop,2
2013,classical,0
2013,hardcore punk,0
2013,soft rock,0
2013,pop punk,0
2013,boy band,3
2013,pub rock,0
2013,folktronica,1
2013,gospel,0
2013,southern rock,0
2013,rock 'n roll,0
2013,swing,0
2013,opera,0
2013,disco house,0
2013,rap metal,0
2013,italian dance,0
2013,downtempo,0
2013,roots rock,0
2013,funk rock,0
